ship_type,month,distance,fuel_type,fuel_consumption,weather_conditions,engine_efficiency
1,1,132.26,1,3779.77,1,92.14
1,2,128.52,1,4461.44,2,92.98
1,3,67.3,1,1867.73,3,87.61
1,4,71.68,0,2393.51,1,87.42
1,5,134.32,1,4267.19,3,85.61
1,6,85.93,0,2342.13,1,72.82
1,7,85.67,1,2974.79,2,93.93
1,8,44.81,0,1376.38,2,91.1
1,9,116.44,0,3661.75,3,73.41
1,10,99.73,1,2551.99,2,94.68
1,11,149.9,1,4014.14,1,76.53
1,12,53.21,1,1674.21,3,84.59
2,1,92.03,1,2222.43,2,85.52
2,2,141.91,1,3669.79,3,83.52
2,3,51.65,0,1353.75,3,74.32
2,4,197.46,0,5695.04,2,89.36
2,5,72.25,0,1873.13,1,78.01
2,6,183.15,0,3743.91,3,80.83
2,7,160.43,1,3626.57,1,77.8
2,8,121.07,0,2441.62,3,76.08
2,9,193.59,0,5565.57,3,87.91
2,10,144.15,0,3649.72,2,83.86
2,11,154.6,0,4592.25,1,92.07
2,12,173.83,0,5049.27,3,76.39
1,1,112.97,1,3256.57,1,70.62
1,2,45.14,1,1485.59,2,71.66
1,3,29.38,0,855.01,3,81.53
1,4,42.24,0,1376.47,2,94.55
1,5,135.8,0,4750.93,2,75.27
1,6,71.68,0,1823.65,1,87.39
1,7,149.48,1,4211.85,3,79.75
1,8,95.13,0,3105.75,1,85.76
1,9,128.87,0,3322.01,2,93.64
1,10,33.63,0,1146.14,1,83.25
1,11,110.44,1,2852.88,1,71.78
1,12,59.01,0,1685.14,2,75.24
3,1,86.9,0,1698.32,3,70.52
3,2,58.95,0,734.45,1,75.07
3,3,64.67,0,1271.96,3,90.92
3,4,39.85,0,670.74,1,73.87
3,5,192.04,0,3037.36,3,72.3
3,6,111.84,0,1440.61,1,75.06
3,7,165.4,0,2811.38,3,79.71
3,8,162.48,0,2082.27,3,70.62
3,9,183.71,0,2460.76,3,78.82
3,10,80.93,0,977.22,2,89.57
3,11,170.44,0,1995.64,3,89
3,12,181.02,0,1983.66,2,84.91
4,1,336.53,0,15596.39,3,72.59
4,2,494.24,1,18375.75,1,94.18
4,3,159.49,1,5906.8,3,74.34
4,4,363.22,0,17778.61,3,75.92
4,5,77.01,1,2362.84,2,71.15
4,6,436.73,0,20235.74,2,88.75
4,7,405.98,1,12469.38,2,89.93
4,8,77.51,1,2841.99,2,71.44
4,9,134.88,1,5792.23,3,87.7
4,10,199.13,0,7219.15,3,92.1
4,11,441.93,0,17429.33,3,79.16
4,12,172.3,0,8249.38,3,76.53
3,1,147.9,0,2656.39,1,87.24
3,2,44.52,0,663.13,1,94.2
3,3,113,0,1635.86,2,76.44
3,4,87.17,0,1604.67,1,92.06
3,5,197.78,0,3001.65,1,73.67
3,6,62.36,0,1164.2,3,93.83
3,7,158.07,0,2584.62,1,81.67
3,8,117.52,0,1895.33,2,89.42
3,9,155.32,0,2351.29,1,87.02
3,10,145.53,0,2773.1,2,79.32
3,11,34.55,0,635.93,3,85.62
3,12,129.52,0,1437.19,3,88.26
3,1,66.87,0,700.97,3,86.15
3,2,31.95,0,354.39,2,88.57
3,3,134.85,0,1486.38,2,88.42
3,4,111.86,0,1817.6,1,94.84
3,5,77.89,0,916.5,1,80.75
3,6,147.09,0,2905.05,3,86.78
3,7,52.12,0,815.52,1,80.59
3,8,46.21,0,644.66,3,74.71
3,9,54.78,0,1025.44,2,87.9
3,10,56.75,0,746.58,2,74.54
3,11,90.91,0,1628.86,1,72.61
3,12,37.38,0,553.42,2,79.05
4,1,312.45,0,14284,3,79.01
4,2,423.27,0,18214.68,3,94.38
4,3,337.15,0,14409.96,2,93.83
4,4,261.92,0,11898.51,2,70.95
4,5,448.48,0,13719.78,1,89.59
4,6,77.81,0,3197.24,3,79.56
4,7,58.63,0,2824.38,1,80.86
4,8,391.76,0,17982.2,2,75.83
4,9,169.25,0,6930.12,1,89.83
4,10,370.45,0,12931.31,3,72.13
4,11,76.76,1,2479.81,2,80.94
4,12,497.16,0,24648.52,3,72.14
2,1,147.06,1,3316.45,1,78.5
2,2,196.74,0,4024.81,2,72.16
2,3,120.31,0,2428.08,2,92.48
2,4,60.39,0,1496.07,3,85.31
2,5,160.89,1,4216.46,2,78.4
2,6,58.09,1,1483.01,3,74.19
2,7,155.88,0,4394.18,2,84.86
2,8,195.5,1,5815.26,1,89.13
2,9,69.55,1,1745.22,1,72.15
2,10,128.88,0,3721.28,3,80.41
2,11,149.46,0,3676.47,2,82.77
2,12,60.39,1,1780.88,1,79.72
2,1,90.31,1,2085.04,2,84.4
2,2,116.16,0,3342.71,2,74.28
2,3,181.07,1,5373.33,1,83.54
2,4,72.16,0,1503.64,3,91
2,5,155.61,0,4035.01,2,71.13
2,6,195.89,1,4092.86,3,72.2
2,7,168.1,1,4787.33,3,81.59
2,8,55.75,1,1464.76,3,89.36
2,9,108.17,0,2888.41,2,73.43
2,10,107.53,0,2186.22,2,84.23
2,11,81.16,1,1980.04,1,85.69
2,12,167.25,0,4376.41,2,92.63
1,1,23.66,0,609.4,2,86.98
1,2,34.39,0,944.69,1,80.47
1,3,82.31,0,2060.96,3,74.3
1,4,57.76,1,1754.24,1,92.78
1,5,142.27,0,4337.09,2,78.94
1,6,31.26,1,1060.94,3,88.97
1,7,66.04,0,2238.1,2,76.42
1,8,53.74,1,1696.23,3,70.4
1,9,73.53,0,2550,1,80.77
1,10,39.69,1,1148.01,2,91.55
1,11,103.11,1,3480.94,3,85.64
1,12,39.03,0,1252.65,2,70.59
4,1,337.43,0,10786.95,3,71.85
4,2,364.78,1,11631,1,83.8
4,3,490.16,0,24321.4,3,93.41
4,4,262.21,0,9880.04,1,71.69
4,5,339.19,1,13915.91,1,82.05
4,6,326.44,1,15694.62,3,80.76
4,7,246.4,0,11651.89,2,92.15
4,8,136.52,0,5869.98,1,70.18
4,9,414.23,0,15346.28,3,76.3
4,10,356.17,1,16579.07,2,80.23
4,11,248.94,0,11621.25,3,83.31
4,12,345.77,1,16431.99,3,89.28
3,1,168.03,0,2554.21,1,90.96
3,2,37.91,0,531.28,1,93.45
3,3,88.47,0,894.06,3,73.06
3,4,102.3,0,1327.33,2,93.8
3,5,177.6,0,2987.42,1,86.97
3,6,45.92,0,657.61,2,85.99
3,7,131.34,0,2094.87,2,82.34
3,8,46.49,0,833.03,2,81.9
3,9,136.27,0,1467.34,1,81.11
3,10,167.82,0,2207.3,1,82.78
3,11,33.98,0,527.21,3,93.83
3,12,61.71,0,708.64,3,89.22
1,1,85.61,0,2894.95,2,77.99
1,2,44.59,0,1336.88,1,77.98
1,3,53.32,0,1396.44,3,86.97
1,4,82.9,1,2340.87,2,93.5
1,5,132.17,1,3374.09,3,89.39
1,6,37.34,1,1113.36,1,94.22
1,7,56.09,0,1542.52,2,91.91
1,8,76.32,1,1982.49,2,81.5
1,9,77.13,1,2561.67,3,82.28
1,10,69.53,0,1768.84,1,79.36
1,11,114.4,0,3790.28,3,87.1
1,12,113.4,0,3527.25,3,88.55
3,1,39.1,0,548.06,3,73.53
3,2,188.79,0,2733.8,2,71.59
3,3,196.02,0,3806.45,3,71.86
3,4,64.54,0,680.75,3,83.99
3,5,71.33,0,1357.57,2,72.48
3,6,102.7,0,1150.8,2,80.83
3,7,191.96,0,3549.18,1,80.93
3,8,72.07,0,1033.06,1,84.52
3,9,198.44,0,2499.7,1,93.36
3,10,177.53,0,2204.22,2,78.77
3,11,29.59,0,564.97,3,78.79
3,12,115.37,0,1805.6,2,84.44
4,1,281.21,0,12626.91,3,72.25
4,2,462.22,0,19755.51,1,76.47
4,3,94.26,0,3204.13,2,89.94
4,4,473.09,1,20539.4,2,90.78
4,5,238.81,0,10796.2,1,85.61
4,6,97.09,0,3409.86,1,93.55
4,7,233.11,0,10569.12,1,73.78
4,8,453.47,1,20172.52,2,72.15
4,9,364.42,1,13063.21,1,90.92
4,10,429.43,0,17125.78,2,75.28
4,11,391.77,0,17631.29,2,74.77
4,12,102.58,0,4047.78,1,73.48
4,1,380.49,1,16231.89,1,76.51
4,2,150.79,1,5155.01,3,72.59
4,3,379.45,1,15476.2,3,83.25
4,4,237.22,0,7165.46,1,79.48
4,5,242.71,0,9715.63,1,72.24
4,6,222.86,1,6918.25,1,74.13
4,7,243.28,0,10597.84,3,72.21
4,8,398.12,0,16292.03,1,91.55
4,9,170.59,1,5613.51,1,71.35
4,10,308.63,1,11533.08,1,90.28
4,11,483.05,1,16567.54,1,89.88
4,12,275.21,0,11450.81,1,91.67
3,1,39.85,0,701.49,3,86.51
3,2,32.2,0,404.9,1,79.34
3,3,70.82,0,1307.9,2,85.71
3,4,113.52,0,1856.06,1,91.81
3,5,63.25,0,675.8,3,83.96
3,6,80.21,0,1173.95,2,74.14
3,7,34.56,0,504.65,1,79.34
3,8,150.1,0,2780.98,1,91.9
3,9,74.44,0,1260.63,3,76.64
3,10,73.51,0,1332.75,1,70.88
3,11,171.31,0,2140.45,3,71.5
3,12,106.5,0,1548.12,3,71.23
2,1,188.94,0,5410.08,3,92.08
2,2,59.55,0,1727.47,3,85.29
2,3,50.74,0,1100.26,3,84.38
2,4,124.04,0,3072.12,3,84.88
2,5,57.02,1,1614.61,1,88.63
2,6,126.52,0,3040.42,3,78.24
2,7,101.03,1,2871.67,2,91.55
2,8,94.5,0,2724.78,1,73.97
2,9,148.66,1,3120.76,1,78.35
2,10,170.89,0,4612.21,1,73.89
2,11,177.26,0,4994.45,3,83.91
2,12,168.28,0,5044.11,1,75.23
1,1,98.82,0,2550.32,2,79.87
1,2,149.95,0,5059.64,2,71.2
1,3,141.31,0,3785.67,2,92.56
1,4,134.49,0,3679.5,3,85.3
1,5,25.14,1,802.83,3,92.69
1,6,137.44,1,3459.59,1,78.53
1,7,118.76,0,3617.84,2,91.54
1,8,146.7,1,3970.47,3,81.52
1,9,146.46,1,4226.71,3,80.05
1,10,43.94,0,1250.62,1,93.5
1,11,98.02,1,2541.75,3,76.45
1,12,86.94,1,2602.59,3,79.64
3,1,79.49,0,997.81,2,80.85
3,2,91.03,0,1524.31,2,92.16
3,3,84.7,0,1664.31,1,83.55
3,4,48.8,0,893.45,1,82.01
3,5,151.59,0,2651.94,3,94.39
3,6,144.64,0,2150.85,2,86.2
3,7,149.94,0,1714.08,3,76.71
3,8,195.8,0,3199.53,2,77.66
3,9,188.8,0,3031.95,3,74.89
3,10,59.24,0,597.95,2,71.08
3,11,78.33,0,864.43,2,75.51
3,12,177.1,0,2262.22,2,72.19
1,1,65.09,0,1639.52,3,70.9
1,2,80.94,0,2794.15,3,70.28
1,3,111.83,1,2931.78,1,93.23
1,4,144.78,1,3654,2,72.53
1,5,104.87,1,3595.51,3,71.44
1,6,118.46,1,3977.01,1,74.42
1,7,142.81,0,4507.52,3,85.88
1,8,131.17,0,3455.18,1,92.23
1,9,58.76,0,2035.11,3,81.51
1,10,112.1,0,3427.21,2,70.46
1,11,119.8,0,3819.56,1,87.11
1,12,56.92,0,1468.97,1,87.56
1,1,58.23,1,1699.53,2,77.69
1,2,88.7,0,2581.1,3,76.97
1,3,53.49,1,1656.17,2,85.52
1,4,103.91,0,2971.8,1,81.89
1,5,87.17,1,2651.01,2,70.69
1,6,89.54,1,2681.88,2,89.57
1,7,119.39,1,3939.71,3,74.09
1,8,24.39,1,846.01,1,84.64
1,9,126.22,0,4211.08,3,85.1
1,10,62.68,0,1954.11,3,78.68
1,11,45.26,0,1511.04,1,81.2
1,12,69.01,1,1880.5,1,87.39
4,1,65.09,0,2905.25,3,94.32
4,2,91.8,1,4366.78,2,83.58
4,3,149.01,1,5384.01,2,91.94
4,4,86.1,1,4287.66,3,93.93
4,5,485.87,0,21327.56,2,90.51
4,6,117.2,1,4671.66,3,93.67
4,7,274.41,1,10317.72,2,80.56
4,8,182.72,0,6679.56,2,93.76
4,9,297.36,0,13897.02,2,94.48
4,10,242.97,1,7897.76,3,88.94
4,11,416.14,0,17607.05,1,81.39
4,12,120.74,0,4010.93,3,92.43
1,1,95.41,1,3133.45,3,89.9
1,2,107.46,0,3469.11,2,73.61
1,3,57.51,0,1931.55,2,87.53
1,4,116.46,1,3616.91,2,90.4
1,5,20.58,0,537.18,1,83.72
1,6,55.38,1,1701.83,2,94.15
1,7,116.16,0,3374.08,2,81.96
1,8,149.51,1,4713.61,3,87.28
1,9,132.92,0,3893.55,2,76.15
1,10,44.42,0,1298.5,2,79.77
1,11,99.94,0,3159.82,2,75.41
1,12,40.36,0,1159.76,3,89.77
1,1,116.69,0,3619.39,3,86.27
1,2,21.11,0,618.57,3,81.47
1,3,90.67,0,2435.69,2,78.9
1,4,69.39,1,2314.97,3,81.72
1,5,123.09,0,3902.97,2,75.15
1,6,46.3,1,1556.45,1,79.42
1,7,79.29,1,2365.69,1,74.78
1,8,86.94,0,2257.48,2,76.82
1,9,76.14,1,2370.51,3,83
1,10,111.16,1,3490.6,3,75.47
1,11,59.2,0,1855.35,3,78.75
1,12,74.35,1,2391.61,2,88.16
1,1,70.18,1,2442.33,2,72.99
1,2,132.71,0,4402.34,2,93.17
1,3,145.24,0,4355.72,1,92.2
1,4,124.55,1,3221.29,3,93.48
1,5,56.62,0,1567.98,1,74.2
1,6,75.4,1,2228.26,2,93.2
1,7,48.44,0,1521.47,2,89.5
1,8,72.18,0,2278.17,1,88.48
1,9,123.37,0,3651.09,3,73.17
1,10,82.41,0,2577.71,1,90
1,11,51.36,0,1341.02,3,83.38
1,12,105.32,1,3220.73,1,84.24
3,1,50.49,0,911.43,3,83.71
3,2,199.66,0,2408.12,3,93.63
3,3,161.15,0,2398.63,3,74.82
3,4,176.37,0,1878.65,3,89.74
3,5,163.95,0,2361.21,1,84.6
3,6,97.93,0,1208.32,3,76.77
3,7,80.13,0,1147.85,3,86.62
3,8,56.25,0,748,3,94.29
3,9,111.94,0,2069.27,3,78.53
3,10,143.42,0,2604.36,2,83.18
3,11,145.07,0,1926.59,3,87.04
3,12,161.25,0,2223.46,1,79.91
1,1,102.75,1,3509.4,3,85.79
1,2,109.11,1,3463.74,2,93.53
1,3,127.94,0,3880.47,1,71.19
1,4,125.84,1,3682.11,3,84.25
1,5,46.93,0,1383.17,1,86.05
1,6,73.36,0,2092.97,2,82.87
1,7,45.85,0,1229.24,1,84.61
1,8,85.2,1,2884.59,2,78.68
1,9,148.29,0,4784.83,3,92.02
1,10,37.16,1,1202.46,3,72.66
1,11,111.21,0,3728.18,3,91.23
1,12,125.81,1,4123.7,1,79.42
2,1,178.42,0,4428.52,3,72.05
2,2,116.18,0,3149.58,1,78.21
2,3,52.83,1,1268.79,3,89.61
2,4,197.35,1,4085.84,1,75.81
2,5,90.8,0,2173.52,3,72.58
2,6,159.71,1,3630.67,3,73.67
2,7,56.54,1,1278.36,2,88.14
2,8,169.72,0,5088.27,2,79.06
2,9,84.41,0,1730.23,1,93.28
2,10,104.55,1,2977.87,3,75.67
2,11,184.31,0,4705.79,3,80.53
2,12,192.57,0,3950.67,1,93.98
2,1,119.07,0,3379.44,3,83.56
2,2,142.02,0,3229.17,1,70.44
2,3,153.6,1,3924.42,3,84.44
2,4,173.93,1,4378.45,1,94.59
2,5,132.95,0,3895.75,2,73.91
2,6,163.94,0,4122.72,2,85.64
2,7,112.35,1,2928.31,1,84.84
2,8,127.69,1,2761.43,3,84.43
2,9,195.73,1,4445.42,3,71.63
2,10,90.3,1,1891.16,3,81.8
2,11,85.73,0,2432.55,1,78.56
2,12,120.54,0,3137.42,3,71.47
4,1,453.14,1,21961.99,1,70.12
4,2,396.65,0,19150.2,3,78.79
4,3,280.92,0,13611.66,2,77.26
4,4,404.44,0,16565.5,2,76.19
4,5,348.93,0,16919.62,3,88.55
4,6,317.2,1,10763.02,1,86.21
4,7,276.72,1,11914.77,3,77.02
4,8,111.72,0,4098.19,1,74.78
4,9,136.97,0,4733.49,2,87.94
4,10,74.78,0,3164.84,2,86.11
4,11,183.77,1,6814.82,3,81.98
4,12,129.96,1,4911.56,3,78.55
1,1,42.22,1,1196.1,1,90.64
1,2,122.92,0,4096.55,3,84.81
1,3,41.3,1,1351.18,3,84.66
1,4,76.21,0,2371.08,3,78.01
1,5,128.17,1,3322.06,3,88.53
1,6,117.24,1,3530.47,1,93.33
1,7,91.81,1,2731.01,1,77.8
1,8,30.59,0,885.05,3,94.09
1,9,65.41,1,2204.43,3,81.55
1,10,127.82,0,4352.54,3,89.58
1,11,46.73,0,1328.9,3,85.59
1,12,87.8,1,2891.55,3,88.64
3,1,133.7,0,2056.93,2,93.82
3,2,45.96,0,657.94,2,71.33
3,3,46.16,0,510.11,3,82.52
3,4,102.86,0,1157.14,3,78.44
3,5,130.82,0,2317.01,2,88.72
3,6,183.03,0,2657.55,2,71.2
3,7,107.69,0,1296.57,3,79.2
3,8,190.55,0,2445.97,3,84.11
3,9,138.38,0,2079.81,1,82.93
3,10,99.72,0,1899.94,2,77.37
3,11,35.57,0,411.14,2,94.45
3,12,158.83,0,1720.68,1,81.66
2,1,181.72,0,4957.67,3,88.51
2,2,124.67,1,2816.44,2,70.01
2,3,132.46,1,3345.33,3,93.83
2,4,170.88,0,4849.39,3,83.08
2,5,127.75,1,2942.16,2,76.28
2,6,190.58,1,5141.35,2,92.18
2,7,92.16,1,2203.1,1,73.02
2,8,100.91,0,3014.68,2,84.56
2,9,182.15,1,4799.08,3,75.62
2,10,100.77,1,2526.98,1,91.51
2,11,75.6,0,1751.39,3,70.31
2,12,78.12,0,2151.93,2,85.31
4,1,448.32,1,18754.7,3,86.66
4,2,165.73,0,6384.08,3,75.4
4,3,254.38,1,11098.2,1,71.52
4,4,96.41,1,3617.35,3,76.33
4,5,476.75,1,17439.52,1,90.34
4,6,467.87,0,19764.07,2,91.08
4,7,202.99,0,6561.39,2,91.05
4,8,413.97,1,18037.62,2,80.29
4,9,218.58,0,9294.25,1,88.52
4,10,125.02,0,4854.02,1,89.07
4,11,327.54,1,11960.63,2,72.98
4,12,414.72,0,19837.1,3,71.18
4,1,253.43,0,9895.74,3,93.17
4,2,375.73,1,16279.94,3,78.49
4,3,446.28,0,18321.43,2,72.02
4,4,408.65,0,18825.88,1,86.22
4,5,379.02,1,18379.1,2,85.81
4,6,366.05,0,14785.37,3,71.11
4,7,495.5,1,23070,3,92.07
4,8,72.89,0,3150.3,1,73.5
4,9,116.18,0,4800.98,1,78.94
4,10,195.05,1,6077.71,1,78.62
4,11,250.25,1,9944.61,2,85.52
4,12,381.18,1,13264.76,1,85.25
1,1,59.55,1,1535.99,1,89.63
1,2,131.76,1,4211.8,2,88.94
1,3,117.17,1,3115.84,3,82.46
1,4,29.45,1,998.3,2,88.05
1,5,33.08,1,986.77,3,84.66
1,6,106.45,1,3526,3,83.93
1,7,33.06,0,869,2,94.67
1,8,102.12,0,2768.11,2,75.02
1,9,33.56,0,1009.83,2,87.28
1,10,106.87,1,3716.05,3,93.4
1,11,40.59,1,1193.39,3,85.01
1,12,127.42,0,4428.47,3,91.41
2,1,144.44,0,4228.03,3,71.52
2,2,187.48,1,4842.47,2,86.07
2,3,191.49,0,4713.67,1,83.45
2,4,193.79,1,5188.07,2,79.68
2,5,167.56,0,4965.11,3,72.25
2,6,88.41,1,2051.46,1,87.44
2,7,64.28,1,1384.93,2,81.44
2,8,96.34,0,2659.86,2,75.07
2,9,93.19,0,2257.04,1,77.69
2,10,154.83,1,3553.77,2,77.42
2,11,57.27,0,1205.32,3,70.76
2,12,105.25,0,2972.94,1,82.3
2,1,95.26,0,2740.5,1,81.09
2,2,181.2,1,5354.46,3,72.3
2,3,177.71,1,3628.23,1,70.12
2,4,60.04,1,1617.92,2,71.53
2,5,88.93,1,2630.24,2,78.2
2,6,181.58,1,4467.77,3,89.95
2,7,132,1,3553.16,1,78.94
2,8,167.28,0,4474.19,2,88.66
2,9,194.52,0,5560.6,2,79.52
2,10,168.83,0,4583.63,3,90.81
2,11,66.86,1,1383.07,3,94.9
2,12,157.08,0,3621,3,91.89
1,1,138.57,1,3906.66,1,86.99
1,2,87.13,0,2663.62,2,92.24
1,3,40.22,1,1349.04,3,81.25
1,4,102.82,1,3252.44,1,78.2
1,5,59.81,0,1558.4,1,74.43
1,6,88.01,0,2614.95,3,84.21
1,7,34.72,1,944.62,3,75.21
1,8,83.88,1,2312.1,3,81.38
1,9,28.8,0,879.48,2,74.63
1,10,94.37,0,2838.58,3,83.82
1,11,42.76,0,1483.23,2,90.1
1,12,27.68,0,711.15,3,75.02
4,1,52.87,0,2553.1,3,81.6
4,2,385.78,0,17682.58,3,75.93
4,3,52.64,0,2080.57,1,73.7
4,4,82.52,1,2715.02,2,74.18
4,5,261.04,0,11636.13,2,93.04
4,6,334.93,0,15068.67,2,83.98
4,7,420.75,0,17261.44,1,70.11
4,8,214.34,1,10505.28,1,83.06
4,9,75.25,1,2339.56,1,74.1
4,10,222.44,1,8639.41,2,71.64
4,11,138.63,1,5145.1,2,77.61
4,12,279.1,1,9226.05,1,82.94
3,1,104.31,0,1320.92,3,76.5
3,2,112.46,0,1807.78,1,70.83
3,3,169.38,0,2387.59,1,70.11
3,4,22.13,0,252.26,2,86.52
3,5,44.26,0,639.99,3,87.98
3,6,26.44,0,312.74,3,74.41
3,7,174.74,0,3080.41,1,74.19
3,8,81.98,0,1326.33,2,77.44
3,9,85.8,0,1427.89,3,82.28
3,10,190.75,0,3023.68,1,73.54
3,11,134.05,0,1980.71,3,90.85
3,12,34.25,0,629.43,3,70.79
2,1,123.45,0,2619.28,1,80.13
2,2,136.29,1,3942.38,1,72.15
2,3,151.68,0,4103.79,1,92.66
2,4,146.62,0,4124,1,78.8
2,5,156.44,1,3412.2,1,84.18
2,6,166.63,1,3748.78,3,83.51
2,7,187.79,0,4245.03,2,71.37
2,8,172.54,1,3451.72,1,74.65
2,9,51.37,0,1038.45,3,82.74
2,10,159.31,1,4181.46,1,91.25
2,11,100.03,0,2694.5,1,81.29
2,12,124.4,1,2885.75,2,81.96
1,1,125.96,0,3352.07,1,78.68
1,2,23.49,0,655.28,2,83.47
1,3,72.74,1,1916.45,3,88.54
1,4,81.24,0,2797.59,3,75.91
1,5,46.28,0,1318.21,1,79.85
1,6,63.33,1,1904.91,1,75.03
1,7,118.26,0,3890.65,2,86.78
1,8,120.63,1,3536.52,1,72.32
1,9,22.89,0,678.68,1,81.46
1,10,120.7,0,3333.73,1,85.24
1,11,79.61,0,2462.39,1,89.58
1,12,44.43,0,1128.39,3,74.45
1,1,62.94,1,2119.65,2,80.19
1,2,114.25,1,2914.95,3,91.73
1,3,117.37,0,3167.84,1,87.14
1,4,96.98,1,3052.61,2,91.53
1,5,60.5,0,1626.9,3,82.93
1,6,32.84,1,858.54,3,70.84
1,7,58.81,0,1499.56,1,91.68
1,8,141.59,0,4273.6,2,84.19
1,9,107.64,1,3721.46,2,92.58
1,10,102.83,0,3478.06,3,79.47
1,11,109.78,0,2860.52,3,85.97
1,12,99,0,3035.46,1,80.59
3,1,124.39,0,1353.44,3,76.43
3,2,35.49,0,612.51,3,85.55
3,3,29.82,0,352.36,3,90.36
3,4,22.93,0,437.88,3,82.63
3,5,106.39,0,2026.55,1,83.92
3,6,41.39,0,572.71,1,91.94
3,7,169.27,0,2687.83,2,74.52
3,8,26.02,0,408.74,3,75.74
3,9,75.76,0,1505.24,1,84.86
3,10,168.63,0,1764.66,2,82.94
3,11,110.94,0,1144.24,2,75.44
3,12,122.78,0,1871.41,2,80.26
4,1,433.21,0,15172.55,1,88.87
4,2,334.98,1,14100.25,3,90.46
4,3,481.76,1,16009.22,2,75.13
4,4,402.08,1,17909.58,1,91.76
4,5,297.05,0,13543.26,2,85.4
4,6,443.05,0,13801.94,2,89.42
4,7,487.89,1,23503.71,3,76.15
4,8,95.46,0,3358.81,1,71.27
4,9,91.92,1,4244.55,3,85.46
4,10,419.53,0,12720.58,3,75.05
4,11,145.54,0,5843.19,2,81.18
4,12,413.22,1,14730.75,2,91.25
4,1,451.7,1,21835.94,1,91.18
4,2,85.88,1,2728.01,2,71.33
4,3,413.41,0,19194.3,2,77.7
4,4,401.31,0,19032.25,1,74.27
4,5,90.09,1,2930.86,3,78.3
4,6,443.98,0,13504.73,3,73.5
4,7,209.07,0,9944.51,3,88.15
4,8,257.09,0,8598.75,1,86.41
4,9,300.22,0,13775.8,1,83.63
4,10,81.86,1,4027.22,2,81.01
4,11,139.61,0,4590.63,1,77.59
4,12,183.15,0,7411.36,2,89.37
2,1,160.56,1,4203.34,3,82.24
2,2,145.81,0,3554.61,3,89.97
2,3,96.41,1,2565.55,1,91.61
2,4,158.06,1,3836.06,1,83.93
2,5,53.29,1,1455.54,3,71.48
2,6,85.31,0,2385.13,1,72.96
2,7,165.1,1,3508.25,3,84.45
2,8,101.36,0,2151.83,1,77.68
2,9,153.14,0,3213.34,2,74.69
2,10,120.46,1,3542.26,1,90.81
2,11,181.21,1,4691.84,3,88.54
2,12,120.73,1,3161.19,1,88.49
3,1,182.3,0,2650.17,1,73.37
3,2,129.98,0,1917.92,1,82.94
3,3,70.79,0,871.22,1,73.47
3,4,61.06,0,755.94,3,70.52
3,5,88.17,0,1750.14,2,74.24
3,6,139.53,0,2780.32,2,93.28
3,7,165.59,0,2514.88,1,88.81
3,8,132.09,0,1872.96,3,72.72
3,9,100,0,1225.43,2,80.65
3,10,136.08,0,1538.11,1,81.38
3,11,124.83,0,2052.79,1,82.66
3,12,118.09,0,2114.48,2,81.76
1,1,117.25,0,4035.73,3,75.07
1,2,57.99,1,1727.74,2,87.62
1,3,131.32,0,3516.32,3,70.47
1,4,148.86,1,4872.04,3,86.05
1,5,52.62,1,1548.95,1,86.25
1,6,69.74,0,1801.47,2,86.93
1,7,82.64,0,2670.49,2,86.02
1,8,132.53,1,3738.63,2,75.84
1,9,126.28,0,4212.75,1,87.18
1,10,117.94,0,4079.83,3,93.67
1,11,139.85,0,4758.11,3,82.81
1,12,134.09,0,3377,1,78.91
4,1,434.8,0,13682.6,2,78.4
4,2,493.98,1,17248.46,2,91.82
4,3,287.51,0,14141.03,1,83.31
4,4,224.96,1,9109.99,3,74.07
4,5,434.88,0,13764.69,2,87.11
4,6,138.94,1,4454.43,3,88.16
4,7,193.37,1,6895.02,1,93.88
4,8,326.34,1,14574.57,3,80.4
4,9,374.57,1,11386.25,1,83.39
4,10,117.33,1,4173.5,2,91.01
4,11,251.01,1,8589.47,3,94.49
4,12,285.5,0,9683.63,2,90.37
4,1,402.44,1,13962.38,3,87.32
4,2,169.3,1,6503.01,2,79.54
4,3,279.76,1,13501.1,3,72.53
4,4,174.35,1,6670.92,3,72.44
4,5,127.34,0,3856.51,2,75.52
4,6,218.85,1,9360.73,3,87.04
4,7,418.62,1,19172.66,1,91.1
4,8,159.07,0,5637.4,2,79.55
4,9,79.53,1,2701.42,3,92.41
4,10,283.93,1,13832.06,1,83.68
4,11,139.19,1,6112.16,3,89.53
4,12,63.6,1,2098.8,3,75.49
4,1,286.01,1,13420.92,3,77.97
4,2,364.82,1,13885.16,1,73.31
4,3,168.57,1,5191.64,2,94.92
4,4,253.53,1,9889.18,3,79.68
4,5,250.18,0,11627.24,2,74.5
4,6,191.37,1,6412.64,3,85.43
4,7,456.34,1,18595.22,3,85.45
4,8,66.22,1,2758.18,1,92.61
4,9,138.88,0,4932.72,1,86.58
4,10,120.66,1,3996.11,3,76.78
4,11,457.29,1,14416.53,1,78.25
4,12,67.46,0,3175.47,1,89.79
2,1,173.27,0,4341.81,3,76.02
2,2,97.98,1,2248.57,3,78.52
2,3,112.19,1,3093.48,3,87.54
2,4,112.4,0,2974.88,1,75.95
2,5,91.87,0,2250.57,2,70.14
2,6,178.59,1,3882.91,1,72.1
2,7,184.79,1,5163.82,1,89.82
2,8,81.6,0,2353.03,3,76.18
2,9,101.55,1,2443.92,2,84.2
2,10,142.41,1,3607.98,1,83.42
2,11,97.76,0,2644.36,1,93.69
2,12,160.06,0,4437.32,3,88.7
1,1,72.72,1,2098.9,2,87.7
1,2,21.93,0,665.79,1,93.46
1,3,117.74,0,4111.73,1,72.19
1,4,64.46,1,2118.55,3,70.44
1,5,120.9,0,3209.1,2,77.1
1,6,79.01,1,2755.38,1,87.26
1,7,147.71,0,4574.29,1,89.82
1,8,60.84,0,1942.05,2,90.3
1,9,115.48,1,3287.17,2,81
1,10,44.58,1,1370.41,2,76.26
1,11,146.63,1,4626.98,1,70.06
1,12,103.74,1,3127.65,3,90.56
4,1,387.52,1,14486.79,3,86.42
4,2,378.23,1,13843.23,3,80.27
4,3,381.22,1,12597.57,2,81.6
4,4,457.94,1,18046.55,2,88.93
4,5,417.58,0,13078.19,2,79.37
4,6,88.81,1,3714.52,3,77.95
4,7,475.28,0,15801.3,3,85.98
4,8,210.7,0,8108.79,3,89.24
4,9,386.46,1,11956.85,1,91.38
4,10,211.36,0,9680.84,3,76.78
4,11,108.32,1,4487.57,3,85.79
4,12,203.07,1,8928.86,3,88.81
1,1,66.44,0,1903.38,3,93.47
1,2,51.1,0,1392.83,2,89.31
1,3,129.13,0,4322.62,2,72.01
1,4,144.33,0,3703.32,1,88.69
1,5,85.67,1,2941.9,1,86.48
1,6,37.39,1,1192.25,3,88.88
1,7,140.94,1,3689.47,3,94.28
1,8,137.41,0,4274.53,3,83.64
1,9,91.91,1,3005.05,1,75.59
1,10,93.79,1,2847.1,1,81.44
1,11,130.52,1,4339.71,3,83.32
1,12,32.68,0,1098.22,1,72.05
4,1,278,0,13816.93,1,76.65
4,2,279.03,0,10816.47,3,70.37
4,3,98.2,0,4409.87,2,74.77
4,4,350.86,1,13849.88,3,90.15
4,5,408.83,1,16174.79,1,85.14
4,6,295.22,0,14171.09,2,81.96
4,7,310.7,1,12785.33,3,85.76
4,8,76.82,1,2502.6,1,89.45
4,9,231.83,1,10882.43,1,83.15
4,10,426.27,0,20350.8,2,73.1
4,11,275.37,1,11143.81,2,83.5
4,12,247.87,1,10227.59,3,84.14
3,1,192.09,0,2258.04,2,86.35
3,2,85.79,0,1305.12,3,79.8
3,3,163.91,0,1990.36,1,94.8
3,4,170.92,0,2272.34,3,88.94
3,5,55.2,0,1103.69,2,92.13
3,6,64.39,0,742.66,1,70.39
3,7,128.12,0,1375.68,1,85.74
3,8,39.17,0,763.15,3,75.58
3,9,162.55,0,2632.13,3,94.07
3,10,62.78,0,745.3,2,75.76
3,11,184.52,0,2256.2,2,82.25
3,12,163.99,0,2221.77,1,82.89
4,1,208.76,1,7039.26,1,74.14
4,2,451.54,0,20513.24,2,71.09
4,3,321.16,0,10530.22,1,88.05
4,4,177.61,0,8083.66,3,94.94
4,5,127.79,1,5253.48,1,82.75
4,6,85.27,1,3477.69,3,75.59
4,7,188.37,0,6798.78,1,78.22
4,8,90.22,1,2845.95,2,84.18
4,9,147.16,0,4512.41,1,81.21
4,10,162.55,0,6184.42,3,82.94
4,11,86.03,0,2970.62,2,76.72
4,12,200.04,1,6352,2,83.03
1,1,93.55,0,2980.23,3,93.84
1,2,80.42,0,2590.63,2,90.73
1,3,126.21,0,3404.06,3,83.45
1,4,107.01,1,3614.48,1,93.09
1,5,32.08,1,1007.7,3,82.55
1,6,58.44,1,1517.11,3,75.66
1,7,108.7,0,2731.66,3,72.86
1,8,92.05,0,2708.32,3,91.75
1,9,134.39,0,4272.16,3,74.46
1,10,72.27,1,2171.77,1,84.36
1,11,26.92,1,685.56,1,71.43
1,12,138.25,0,3615.95,1,78.25
2,1,78.62,0,1875.87,2,81.61
2,2,90.8,0,2623.87,1,78.45
2,3,153.73,1,3581.94,1,79.64
2,4,198.37,0,5768.95,2,89.98
2,5,150.5,0,3702.82,2,94.29
2,6,87.32,1,2444.88,1,82.36
2,7,59.02,0,1565.54,3,92.23
2,8,172.74,1,4867.43,2,79.14
2,9,137.1,1,3807.08,1,72.02
2,10,95.72,1,2271.69,3,72.39
2,11,149.17,0,3769.23,1,82.13
2,12,137.18,0,3876.87,3,76.24
1,1,79.42,1,2402.18,2,79.08
1,2,74.61,1,2216.71,3,89.67
1,3,41.69,0,1245.38,3,76.4
1,4,29.08,0,917.91,1,76.41
1,5,31.64,1,943.16,1,92.85
1,6,122.99,1,3300.85,2,91.27
1,7,130.42,1,3397.2,2,82.92
1,8,53.2,0,1336.22,1,91.95
1,9,56.72,1,1506.11,3,79.11
1,10,90.48,1,2428.39,2,81.8
1,11,88.72,0,2575.94,3,93.75
1,12,48.06,1,1268.97,1,74.82
4,1,246.31,0,9075.4,1,74.28
4,2,371.2,1,14177.46,3,88.88
4,3,335.33,0,14643.18,2,82.71
4,4,279.23,1,13314.4,1,81.01
4,5,183.82,0,6757.4,3,92.11
4,6,210.5,0,9078.44,2,85.4
4,7,78.31,1,3474.43,2,86.05
4,8,120.53,0,5439.38,3,86.69
4,9,281.48,0,12471.51,2,89.85
4,10,81.43,0,3422.84,3,84.82
4,11,255.63,0,9468.59,3,72.82
4,12,211.33,1,7371.42,2,92.05
4,1,190.82,1,8316.38,2,85.35
4,2,498.55,0,22973.21,1,70.49
4,3,198.33,0,8256.6,3,83.82
4,4,324.53,1,14161.96,3,80.45
4,5,129.21,0,4517.46,3,75.55
4,6,272.63,1,9084.54,3,82.59
4,7,113.43,0,5577.46,2,90.64
4,8,250.17,1,8603.08,1,82.08
4,9,329.12,0,11706.26,2,82.8
4,10,265.76,1,10937.44,3,81.89
4,11,250.08,0,11425.41,1,70.71
4,12,159.16,1,5222.55,3,76.4
1,1,57.52,1,1838.16,3,84.98
1,2,147.61,1,3920.05,1,71.63
1,3,108.49,0,2955.2,3,91.27
1,4,125.09,1,4023.97,3,87.51
1,5,44.03,0,1352.9,2,80.82
1,6,31.18,0,949.98,1,70.69
1,7,31.89,1,880.25,3,76.52
1,8,84.99,0,2892.34,3,87.89
1,9,88.11,1,3004.24,2,94.13
1,10,98.19,0,3131.49,3,91.33
1,11,123.85,1,3671.42,1,74.52
1,12,41.09,1,1357.8,3,82.52
3,1,165.51,0,3119.81,1,82.7
3,2,165.79,0,2852.27,1,93.2
3,3,71.85,0,1276.71,3,77.55
3,4,141.2,0,1707.16,1,89.11
3,5,20.64,0,270.4,2,70.5
3,6,27.53,0,297.68,1,86.13
3,7,95.68,0,1320.09,1,88.6
3,8,85.63,0,1555.13,3,88.77
3,9,110.02,0,1818.59,2,80.45
3,10,165.69,0,1761.27,3,85.31
3,11,78.78,0,1513.47,2,90.52
3,12,136.85,0,2382.83,2,82.96
1,1,137.06,0,3588.76,2,87.27
1,2,34.58,1,1086.45,1,92.96
1,3,132.82,0,4021.78,3,77.77
1,4,55.09,1,1579.19,2,88.8
1,5,77.45,0,2560.93,3,94.48
1,6,60.43,0,2068.91,3,80.46
1,7,126.19,0,4131.79,1,74.41
1,8,141.8,1,3601.42,3,89.94
1,9,56.22,0,1801.03,3,91.87
1,10,111.01,0,3355.8,2,91.76
1,11,149.31,0,4963.07,3,75.09
1,12,123.48,0,3532.12,1,76.82
4,1,385.64,0,19094.75,2,83.86
4,2,171.95,0,5887.21,1,71.05
4,3,452.6,0,19738.31,3,85.72
4,4,370.38,1,16989.44,3,72.89
4,5,360.62,1,12561.65,2,71.47
4,6,189.12,1,6464.99,1,88.21
4,7,402.84,0,14899.34,3,72.28
4,8,213.35,0,10645,3,78.52
4,9,396.61,0,15355.96,1,72.69
4,10,243.19,1,11846.75,1,89.81
4,11,439.33,0,16127.26,2,72.92
4,12,228.19,0,11148.1,2,79
3,1,69.93,0,1291.07,3,70.74
3,2,70.64,0,1343.09,3,90.24
3,3,167.71,0,2460.48,1,82.52
3,4,130.23,0,1861.11,3,73.26
3,5,94.19,0,1145.9,1,75.73
3,6,178.47,0,2782.58,3,82.73
3,7,127.85,0,1725.24,1,88.89
3,8,67.37,0,1055.77,1,89.52
3,9,104.02,0,1329.39,3,88.09
3,10,33.63,0,525.26,1,87.91
3,11,85.4,0,1365.11,1,72.02
3,12,54.64,0,896.79,1,88.55
2,1,154.32,1,3747.44,2,85.7
2,2,186.54,1,3789.19,3,74.11
2,3,164.13,0,4762.81,2,89.35
2,4,143.69,1,3229.98,1,86.38
2,5,70.7,0,1852.02,1,92.46
2,6,165.7,0,4536.86,1,75.93
2,7,148.93,0,4090.68,2,72.64
2,8,70.3,0,1663.59,1,74.38
2,9,133.79,1,3281.15,3,75.27
2,10,144.96,0,3134.03,2,93.17
2,11,124.02,0,3653.79,3,73.58
2,12,96.86,1,2379.37,2,75.57
1,1,22.44,0,597.21,2,86.59
1,2,20.6,1,622.42,2,87.09
1,3,139.23,0,4688.41,1,84.77
1,4,148.29,1,4810.73,1,92.03
1,5,94.83,0,2430.86,1,89.2
1,6,43.15,1,1466.84,3,77.83
1,7,116.36,0,3977.57,1,89.43
1,8,78.61,1,2161.44,2,76.8
1,9,34.27,0,1035.2,1,73.38
1,10,86.53,1,3007.88,1,93.22
1,11,21.11,1,616.55,3,86.13
1,12,94.68,0,3081.54,3,80.81
2,1,84.75,0,2467.74,1,94.95
2,2,62.46,1,1423.24,1,75.98
2,3,162.17,1,4346.17,2,72.22
2,4,192.55,1,4607.86,2,81
2,5,162.94,1,3842.62,1,94.49
2,6,154.26,1,3481.79,2,84.58
2,7,77.13,0,2071.89,2,83.33
2,8,107.28,0,2728.99,1,89.41
2,9,87.62,1,2326.27,1,86.94
2,10,60.66,1,1502.75,3,85.88
2,11,130.27,1,3736.45,2,72.61
2,12,165.68,1,3351.83,2,94.44
2,1,58.13,1,1333.54,3,79.4
2,2,162.07,1,3393.95,1,94.43
2,3,138.87,0,4158.93,2,77.87
2,4,110.59,0,2794.18,1,81.88
2,5,190.44,0,5380.16,3,76.3
2,6,144.16,1,3420.34,1,71.32
2,7,57.07,0,1284.34,3,87.55
2,8,184.68,1,3793.09,1,74.76
2,9,75.35,0,2080.44,1,73.05
2,10,100.82,1,2492.65,2,80.03
2,11,199.29,0,4985.43,2,76.5
2,12,144.49,0,3057.9,2,72.2
4,1,74.63,0,3318.62,3,78.82
4,2,315.48,0,11379.08,3,84.53
4,3,413.63,1,16162.17,1,70.88
4,4,121.51,1,6047.79,1,74.28
4,5,469.5,1,19139.7,2,84.36
4,6,351.28,0,17549.18,1,83.06
4,7,415.2,0,19594.43,2,70.3
4,8,129.56,1,5516.13,1,84.51
4,9,254.44,0,12326.35,3,92.57
4,10,81.45,0,2664.7,2,93.48
4,11,197.55,0,8949.91,1,79.6
4,12,70.2,1,2777.14,1,74.94
3,1,198.34,0,3902.93,1,92.6
3,2,136.1,0,1684.36,3,90.26
3,3,30.29,0,307.58,2,94.54
3,4,164.19,0,2324.1,2,91.53
3,5,84.35,0,1300.29,1,91.35
3,6,58.51,0,1116.64,1,94.6
3,7,122.84,0,1575.3,3,73.6
3,8,146.15,0,2289.81,1,84.59
3,9,30.83,0,434.02,2,75.65
3,10,95.04,0,1161.77,3,86.13
3,11,43.32,0,593.15,1,72.2
3,12,74.81,0,1055.36,2,93.58
4,1,99.42,1,3063.86,3,79.97
4,2,198.12,0,9003.94,3,72.36
4,3,441.01,0,18657.58,1,76.1
4,4,186.19,1,7408.95,3,79.02
4,5,363.45,0,17011.89,1,70.61
4,6,225.43,1,6994.13,1,94.01
4,7,266.93,1,10696,1,82.06
4,8,133.86,0,4294.23,1,73.86
4,9,264.09,1,8174.05,3,74.22
4,10,325.03,1,15186.34,2,74.28
4,11,477.39,0,21877.35,1,84.65
4,12,129.69,0,6036.81,2,92.6
1,1,117.74,0,3556.44,2,81.36
1,2,47.67,0,1413.32,3,86.01
1,3,102.8,0,3072.71,3,82.27
1,4,128.59,0,3431.02,3,93.64
1,5,138.91,1,4090.91,3,84.51
1,6,105.78,0,2791.65,3,87.4
1,7,83.29,0,2083.79,2,71.88
1,8,48.31,0,1574.13,1,86.57
1,9,132.82,1,3977.06,2,79.42
1,10,138.02,1,3509.58,1,82.65
1,11,82.39,0,2820.36,3,82.34
1,12,116.13,0,3470.6,2,75.88
2,1,157.72,1,4578.65,3,92.7
2,2,168.87,1,3912.07,2,85.5
2,3,80.65,1,2153,2,84.4
2,4,95.48,1,2197.77,1,94.88
2,5,179.04,0,4754.14,2,77.59
2,6,99.88,1,2586.51,1,89.48
2,7,110.7,1,2919.89,1,86.85
2,8,188.2,0,5376.72,2,83.21
2,9,154.67,1,3866.82,3,90.54
2,10,131.64,0,3580.38,3,82.4
2,11,197.61,1,5406.44,3,84.17
2,12,87.06,1,1839.13,3,75.2
4,1,114.42,1,3997.38,3,76.7
4,2,195.1,1,7910.82,2,85.06
4,3,81.28,1,3774.91,3,82.17
4,4,498.18,1,17122.71,2,80.44
4,5,346.99,0,16260,1,94.69
4,6,478.32,1,20999.87,3,84.38
4,7,335.63,1,16445.34,3,76.08
4,8,79.97,0,3605.05,2,84.8
4,9,388.76,1,15879.62,3,86.73
4,10,253.73,0,12262.93,2,78.9
4,11,186.41,0,5795.93,3,85.03
4,12,442.43,1,15135.69,1,93.93
1,1,127.59,0,4351.49,2,80.6
1,2,101.49,1,3437.66,1,88.73
1,3,119.99,1,3386.08,3,78.77
1,4,67.77,1,2230.76,2,83.25
1,5,21.22,1,652.77,1,84.64
1,6,136.76,0,4079.97,2,72.43
1,7,21.43,0,732.09,3,70.53
1,8,60.06,0,1746.95,2,89.05
1,9,149.51,0,4408.92,1,77.56
1,10,67.53,1,2264.51,1,83.97
1,11,51.71,0,1644.81,1,72.01
1,12,92.1,1,3220.76,2,82.07
2,1,126.91,0,3765.37,2,80.13
2,2,161.99,0,3592.01,2,70.83
2,3,119.43,1,3159.13,2,86.27
2,4,115.97,0,2914.71,3,89.95
2,5,140.93,0,3123.16,3,81.87
2,6,199.81,0,4967.24,2,91.56
2,7,165.27,1,4567.73,1,74.01
2,8,77.03,1,1673.46,3,83.29
2,9,95.42,0,1941.68,2,73.12
2,10,66.88,0,1614.5,3,73.91
2,11,121.16,1,2780.05,3,73.7
2,12,118.03,1,2778.69,2,93.59
4,1,119.04,0,4660.57,3,77.62
4,2,76.49,1,3651.8,3,91
4,3,206.81,1,9953.86,3,90.18
4,4,441.81,1,18535.47,2,79.61
4,5,115.57,0,3509.64,1,88.01
4,6,435.76,1,14392.02,1,70.77
4,7,231.77,0,7505.5,2,85.07
4,8,88.81,1,4282.41,3,78.59
4,9,487.34,1,16075.79,3,85.83
4,10,305.38,1,13160.89,3,78.95
4,11,404.67,0,15459.51,2,78.49
4,12,438.81,1,20172.76,3,76.39
1,1,93.39,0,2700.59,1,84.67
1,2,54.67,0,1503.38,1,81.74
1,3,129.38,0,4118.22,2,82.1
1,4,70.55,0,2085.57,3,82.71
1,5,116.25,0,3866.17,1,78.83
1,6,101.72,1,3315.76,3,77.7
1,7,120.9,1,3856.34,2,73.46
1,8,87.66,0,2573.41,1,75.87
1,9,46.42,1,1176.1,2,81.75
1,10,37.71,0,1167.85,1,94.98
1,11,26.56,0,838.39,3,90.52
1,12,115.51,1,4020.17,2,73.89
1,1,94.39,0,2499.01,3,88.56
1,2,20.08,0,652.41,2,87.22
1,3,69.46,1,2422.91,3,75.98
1,4,29.73,0,828.93,1,93.32
1,5,119.35,0,3669.87,2,90.49
1,6,149.22,1,4245.11,3,89.78
1,7,96.46,1,2762.16,2,74.83
1,8,110.5,0,3829.91,3,87.93
1,9,39.47,1,1093.35,3,70.69
1,10,38.76,0,1337.11,1,90.78
1,11,119.06,0,3305.5,3,87.54
1,12,87.85,0,3067.31,2,85.93
3,1,132.09,0,2338.03,1,80.54
3,2,156.94,0,2726.2,2,83.54
3,3,191.47,0,2401.72,1,92.62
3,4,71.41,0,816.84,2,73.67
3,5,187.54,0,3392.47,2,81.52
3,6,180.7,0,3096.62,2,87.31
3,7,123.87,0,1285.91,2,74.41
3,8,81.7,0,836.03,1,80.89
3,9,66.1,0,1314.38,2,71.88
3,10,183.97,0,2060.31,1,93.24
3,11,122.76,0,2307.49,2,76.32
3,12,159.92,0,2146.52,2,89.35
2,1,82.71,1,2160.27,1,92.42
2,2,155.75,0,3907.27,2,76.48
2,3,119.4,1,2418.1,2,94.91
2,4,133.02,0,3290.16,3,76.83
2,5,160.55,1,3433.19,3,88.01
2,6,82.39,0,1907.49,3,72.94
2,7,51.83,1,1046.85,2,85.21
2,8,78.98,1,1882.88,1,75.84
2,9,132.72,1,3576.81,2,93.01
2,10,194.42,0,5505.24,3,93.32
2,11,89.97,0,1804.05,1,91.2
2,12,80.5,1,2275.88,3,71.62
4,1,170.41,0,7649.51,3,88.86
4,2,401.99,1,12851.52,3,93.79
4,3,480.77,0,16041.21,3,91.84
4,4,72.98,0,2205.55,2,81
4,5,471.82,0,20215.06,3,80.85
4,6,347.23,1,11933.39,3,87.31
4,7,409.5,1,15023.17,1,76.3
4,8,139.91,1,5612.47,1,76.96
4,9,460.79,0,20146.18,3,86.9
4,10,286.38,1,12557.11,2,85.74
4,11,264.88,1,13135.67,2,80.73
4,12,168.51,1,7337.61,2,84.01
4,1,258.79,1,9718.62,2,85.31
4,2,340.52,1,11534.55,3,76.01
4,3,481.55,0,21503.19,3,77.75
4,4,468.84,1,22291.5,3,86.7
4,5,345.89,0,15077.31,1,70.75
4,6,261.11,0,12715.1,2,87.16
4,7,333.5,1,14947.42,3,91.78
4,8,283.9,0,12855.26,1,78.57
4,9,382.49,0,12204.35,3,92.74
4,10,122.06,1,6026.92,2,91.7
4,11,137.59,1,6405.73,3,83.35
4,12,142.39,0,5713.57,1,91.72
2,1,150.46,0,3586.36,2,87.33
2,2,145.65,0,4228.53,3,90.73
2,3,117.93,0,3498.16,2,91.9
2,4,172.62,1,3645.56,2,72.05
2,5,86.3,0,2437.63,2,83.89
2,6,54.9,1,1136.12,2,76.39
2,7,92.52,0,2449.41,2,93.89
2,8,192.28,1,4537.87,1,92.08
2,9,56.93,1,1354.49,1,79.85
2,10,160.58,0,4793.45,1,84.35
2,11,53.58,0,1493.06,2,89.49
2,12,175.22,0,5109.36,2,77.41
2,1,74.99,1,1698.4,3,92.18
2,2,81.1,0,1676.37,3,73.74
2,3,128.07,0,2757.52,2,77.46
2,4,154.35,1,3306.69,3,81.47
2,5,62.4,1,1532.24,2,89.19
2,6,137.36,0,4084.15,2,75.74
2,7,88.13,1,2396.21,3,90.36
2,8,107.32,0,2272.15,1,81.78
2,9,98.99,0,2335.15,1,82.2
2,10,62.6,0,1657.06,3,75
2,11,183.26,1,5053,1,86.44
2,12,186.24,1,4126.02,2,88.95
1,1,90.65,0,2783.15,1,83.06
1,2,48.59,0,1534.2,2,76.16
1,3,83.5,1,2747.89,3,85.25
1,4,119.57,1,3891.75,2,78.39
1,5,60.98,0,1696.71,2,71.3
1,6,81.81,0,2093.66,3,93.57
1,7,110.71,1,3845.02,3,93.43
1,8,121.72,0,3831.8,2,92.94
1,9,142.86,0,4884.56,1,75.35
1,10,103.58,1,2959.76,2,76.28
1,11,144.37,0,4870.22,2,82.7
1,12,149.15,1,3895.54,3,91.1
1,1,136.93,1,3806.64,2,89.91
1,2,88.8,0,2674.29,3,82.53
1,3,60.34,1,1905.53,3,84.82
1,4,32.47,1,1024.21,3,84.33
1,5,68.69,1,2319.58,2,93
1,6,21.11,1,721.9,3,73.01
1,7,133.48,1,4108.29,1,80.55
1,8,61.37,1,1970.45,1,83.42
1,9,21.02,0,544.52,1,92.55
1,10,30.86,1,795.85,3,93.78
1,11,58.52,1,1944.49,2,94.66
1,12,143.98,1,4230.35,3,75.9
3,1,90.07,0,1643.8,3,83.13
3,2,104.75,0,1529.23,3,78.14
3,3,168.82,0,2517.72,2,87.8
3,4,171.93,0,1925.52,2,80.69
3,5,118.67,0,1885.6,2,78.91
3,6,21.42,0,237.88,2,71.97
3,7,195.28,0,3310.69,3,81.38
3,8,44.06,0,855.01,3,81.73
3,9,95.11,0,1837.37,2,86.8
3,10,138.09,0,1380.9,2,88.86
3,11,81.49,0,1538.19,1,80.39
3,12,157.85,0,2487.33,2,85.78
2,1,61.79,0,1321.95,3,74.4
2,2,182.5,1,4670.49,3,84.02
2,3,113.34,0,3096.19,3,74.98
2,4,85.65,1,2452.83,2,88.95
2,5,148.86,1,3307.48,1,70.25
2,6,164.39,1,3524.04,3,75.4
2,7,119.05,1,3416.24,3,87.62
2,8,52.56,0,1419.24,1,77.32
2,9,158.36,0,4570.2,1,74.91
2,10,108,1,2533.47,3,77.77
2,11,173.47,0,3601.39,2,76.9
2,12,101.87,0,2406.96,2,73.78
4,1,258.1,0,10645.34,1,88.54
4,2,154.45,1,6451.83,2,75.97
4,3,231.15,1,11515.41,1,83.24
4,4,85.55,0,4033.13,2,78.25
4,5,458.6,0,19850.2,1,77.01
4,6,306.63,0,11197.49,1,78.56
4,7,59.63,0,2627.45,1,73.43
4,8,186.6,1,6118.08,1,83.1
4,9,193.61,0,7705.56,3,89.47
4,10,463.72,0,16628.78,3,82.44
4,11,81.68,1,3169.97,1,78.3
4,12,56.97,1,2726.68,1,70.06
4,1,66.84,1,2565.72,1,89.61
4,2,381.96,0,12970.85,3,85.12
4,3,363.68,0,12802.55,1,86.87
4,4,333.76,0,14351.64,3,70.7
4,5,437.8,0,13673.2,1,77.9
4,6,69.56,1,2858.44,3,92.39
4,7,332.91,1,11325.98,3,78.96
4,8,422.29,0,16497.91,2,84.8
4,9,310.5,0,13078.11,2,92.14
4,10,325.38,0,12095.61,3,74.02
4,11,207.58,0,8808.92,1,72.44
4,12,106.48,1,4324.16,1,89.38
3,1,146.74,0,2126.09,2,83.14
3,2,130.97,0,1731.78,1,89.33
3,3,117.09,0,1762.98,2,89.97
3,4,183.03,0,2093.83,1,87.29
3,5,150.55,0,2880.38,2,71.64
3,6,31.27,0,589.65,1,75.56
3,7,199.91,0,2107.61,1,92.46
3,8,87.18,0,1384.68,1,88.56
3,9,105.12,0,2096.23,2,78.14
3,10,32.5,0,466.75,2,86.15
3,11,127.28,0,1910.31,2,86.08
3,12,169.85,0,2827.56,2,86.52
3,1,188.84,0,2049.82,1,80.93
3,2,165.63,0,1971.63,2,83.62
3,3,86.77,0,1132.71,2,70.81
3,4,97.27,0,1731.31,3,91.26
3,5,184.51,0,3578.44,3,75.73
3,6,127.45,0,1744.33,2,94.38
3,7,23.36,0,443.54,1,94.56
3,8,165.73,0,2969.75,2,92.37
3,9,197.25,0,3848.79,3,71
3,10,175.84,0,2365.94,3,82.52
3,11,64.04,0,1279.31,3,85.89
3,12,94.2,0,1308.08,2,77.1
3,1,114.52,0,1818.79,1,74.26
3,2,105.11,0,1822.47,1,77.82
3,3,50.68,0,658.4,2,83.5
3,4,199.16,0,3830.8,3,80.75
3,5,175.73,0,1933.1,1,92.99
3,6,48.53,0,696.44,1,87.03
3,7,26.09,0,292.06,2,88.67
3,8,24.71,0,410.23,1,92.46
3,9,150.33,0,1751.98,2,78.43
3,10,158.68,0,2897.68,2,85.79
3,11,175.33,0,3327.01,1,80.05
3,12,64.1,0,1052.86,2,71.07
1,1,55.09,1,1408.66,2,82.32
1,2,99.99,0,2906.95,1,70.61
1,3,131.58,1,3955.59,2,94.5
1,4,68.15,0,2345.47,3,80.78
1,5,93.39,0,2502.02,2,94.24
1,6,124.49,1,3699.02,2,82.55
1,7,84.89,1,2964.84,2,92.3
1,8,78.78,0,2209.73,1,77.9
1,9,67.77,0,1944.87,3,72.88
1,10,85.83,1,2479.44,1,76.2
1,11,144.88,0,4381.91,3,80.26
1,12,28.52,0,837.14,3,77.11
1,1,47.93,1,1662.33,3,78.61
1,2,26.53,0,676.37,1,80.25
1,3,117.71,0,3981.33,2,73.32
1,4,67.04,1,2312.5,1,87.78
1,5,107.12,1,2710.02,2,84.63
1,6,91.89,1,2603.57,2,85.75
1,7,70.54,1,2012.44,3,83.83
1,8,118.59,0,3849.79,1,93.36
1,9,126.17,0,3333.38,3,90.27
1,10,111.52,1,3415,1,88.85
1,11,121.05,0,3612.88,1,91.71
1,12,126.45,1,4389.29,2,78.75
1,1,146.92,0,5121.13,2,94.16
1,2,39.14,0,1233,3,76.4
1,3,29.32,0,998.43,1,88.73
1,4,23.48,0,732.26,1,84.96
1,5,118.88,1,3596.44,3,90.43
1,6,115.76,0,3774.67,1,73.54
1,7,64.62,0,1758.28,3,89.78
1,8,85.26,1,2400.19,3,93.51
1,9,85.23,1,2677.39,3,93.14
1,10,64.89,1,1678.35,2,86.2
1,11,100.23,1,2767.53,3,84.45
1,12,119.56,1,4142.67,1,81.55
2,1,101.68,1,2793.46,3,92.42
2,2,199.96,0,4021.1,2,87.14
2,3,94.58,0,2666.11,1,77.79
2,4,158.15,0,3700.15,3,90.28
2,5,81.07,0,1858.1,1,90.41
2,6,79.62,1,1986.7,2,84.6
2,7,187.55,1,5232.01,3,94.95
2,8,86.36,1,2029.35,2,76.68
2,9,116.35,1,2873.5,3,76.55
2,10,67.59,0,1892.97,2,93.61
2,11,176.6,1,4402.43,1,74.52
2,12,68.35,1,1878.34,2,75.12
2,1,132.29,0,2716.79,2,90.86
2,2,51.81,1,1039.12,3,84.32
2,3,89.31,1,2369.8,1,77.07
2,4,187.46,1,3835.13,3,93.94
2,5,111.39,0,2602.31,2,83.11
2,6,191.89,1,5177.11,2,79.38
2,7,166.94,0,4915.84,2,83.32
2,8,148.18,1,3825.68,1,89.11
2,9,119.4,0,2824.31,1,85.51
2,10,142.52,0,4099.56,2,94.15
2,11,187.75,1,4923.14,2,72.93
2,12,53.55,0,1197.72,3,94.17
4,1,171.96,1,7696.07,1,73.12
4,2,383.81,1,16125.04,2,88.24
4,3,408.78,0,20142.24,2,74.94
4,4,372.93,0,18326.36,3,86.19
4,5,292.04,1,10331.73,1,85.86
4,6,117.82,1,5707.91,3,83.83
4,7,92.48,0,4429.88,1,73.82
4,8,69.7,0,3386.72,2,77.13
4,9,475.63,1,22247.76,3,78.67
4,10,116.15,1,5254.53,3,76.24
4,11,177.01,1,5669.94,3,87.45
4,12,244.89,1,8039.88,2,75.49
3,1,157.98,0,2983.79,1,90.67
3,2,109.14,0,1860.07,3,75.85
3,3,75.36,0,770.06,3,73.9
3,4,144.38,0,2874.01,2,90.36
3,5,28.32,0,405.49,2,70.81
3,6,63.5,0,1112.56,2,75.42
3,7,105.68,0,1225.76,2,85.23
3,8,75.9,0,1484.89,1,78.89
3,9,46.62,0,791.1,3,81.54
3,10,56.33,0,985.87,1,73.96
3,11,164.18,0,1851.71,1,78.36
3,12,121.94,0,1760.87,3,74.12
3,1,148.03,0,2671.57,2,79.66
3,2,86.91,0,1615.6,3,77.17
3,3,23.21,0,375.51,1,81.62
3,4,154.44,0,2602.87,2,75.89
3,5,174.09,0,1930.22,3,72.94
3,6,172.91,0,2179.67,2,75.24
3,7,122.24,0,1615.42,1,90.72
3,8,20.17,0,295.6,3,74.15
3,9,67.19,0,877.02,2,79.11
3,10,70.84,0,798.14,1,84.14
3,11,65.15,0,843.1,1,89.9
3,12,103.85,0,1832.07,2,89.19
3,1,187.27,0,2388.84,2,77.64
3,2,113.78,0,1468.61,1,81.55
3,3,132.24,0,1676.65,2,87.5
3,4,193.96,0,3801.36,1,80.94
3,5,174.52,0,2937.26,2,92.95
3,6,99.31,0,1821.48,3,86.53
3,7,193.19,0,1944.93,3,83.8
3,8,179.92,0,2780.87,1,79.58
3,9,50.37,0,691.5,1,72.06
3,10,43.41,0,471.13,3,74.96
3,11,191.46,0,2787.83,2,70.7
3,12,49.69,0,520.64,1,77.91
1,1,59.52,0,1800.86,1,72.45
1,2,92.18,0,2815.73,1,72.65
1,3,110.46,1,3658.66,2,82.94
1,4,147.09,0,4178.51,3,75.07
1,5,44.07,0,1541.1,3,84.94
1,6,113.41,0,2946.84,2,84.21
1,7,52.62,1,1759.79,3,91.97
1,8,30.08,0,772.37,2,92.52
1,9,70.57,1,2412.31,1,94.07
1,10,35.59,1,1040.58,1,70.09
1,11,98.74,1,3052.3,3,87.67
1,12,37.23,0,1072.47,2,82.04
3,1,187.13,0,1918.53,1,94.1
3,2,51.93,0,1013.32,1,70.74
3,3,190.81,0,3625.49,1,90.34
3,4,151.15,0,2003.5,2,78.2
3,5,139.23,0,1738.64,3,87.09
3,6,46.37,0,714.02,2,86.22
3,7,78.62,0,1219.65,2,90.25
3,8,125.45,0,2272.09,1,91.54
3,9,79.49,0,1136.55,1,91.16
3,10,126.31,0,2380.95,1,94.4
3,11,160.29,0,2207.52,3,71.98
3,12,95.66,0,960.55,1,77.95
3,1,180.42,0,2284.77,3,90.55
3,2,197.7,0,3234.04,1,84.67
3,3,171.08,0,2267.65,3,94.79
3,4,60.37,0,1149.66,3,75.57
3,5,81.84,0,980.41,1,91.28
3,6,80.68,0,1171.35,3,91.7
3,7,179.28,0,2790.12,1,84.27
3,8,144.84,0,2622.04,3,74.05
3,9,57.14,0,992.15,3,92.83
3,10,124.1,0,2387.68,2,81.15
3,11,60.21,0,1050.64,2,76.89
3,12,69.27,0,1180.37,1,73.11
3,1,163.47,0,2741.49,3,74.43
3,2,129.25,0,1883.47,1,81.81
3,3,119.72,0,2030.76,2,91.68
3,4,38.54,0,555.25,2,87.03
3,5,23.76,0,468.04,2,74.35
3,6,89.14,0,1751.3,3,81
3,7,137,0,2669.35,1,87.28
3,8,169.2,0,1787.38,3,75.98
3,9,45.17,0,865.06,1,72.07
3,10,82.46,0,1230.39,3,89.92
3,11,126.66,0,2078.77,1,89.45
3,12,144.01,0,2399.85,1,84.14
4,1,77.19,0,3131.51,2,81.04
4,2,243.28,1,9038.03,1,74.83
4,3,453.83,1,17404.94,2,89.89
4,4,207.53,0,7806.06,2,84.73
4,5,62.2,0,2874.09,2,85
4,6,142.76,1,4899.45,1,81.01
4,7,253.8,1,12185.93,3,72.7
4,8,176.67,1,7258.74,1,71.3
4,9,66.82,0,3056.87,1,85.12
4,10,399.87,1,13817.8,1,91.96
4,11,416.07,0,14544.62,1,74.5
4,12,68.69,0,3216.95,3,93.26
4,1,267.88,1,9252.96,3,73.49
4,2,465.49,1,20556.7,3,82.08
4,3,330.35,1,15960.43,1,86.26
4,4,161.34,0,7870.63,2,80.3
4,5,232.27,0,7034.51,2,85.97
4,6,103.37,1,4220.68,3,89.12
4,7,320.47,1,11490.16,3,81.36
4,8,120.15,0,3877.23,1,78.69
4,9,251.97,0,7896.53,2,76.72
4,10,307.97,1,12059.77,2,93.58
4,11,462.52,0,14128.67,3,81.71
4,12,320.74,0,16008,3,92.27
4,1,148.58,1,5163.7,2,84.93
4,2,90.38,0,4350.46,3,72.7
4,3,58.17,0,2728.82,1,81.47
4,4,333.44,1,14802.53,2,70.45
4,5,452.15,1,18743.19,1,89.38
4,6,279.88,1,8483.17,2,80.97
4,7,185.85,1,6884.76,1,90.1
4,8,81.84,1,3055.6,2,93.35
4,9,230.08,1,8905.68,3,75.04
4,10,282.19,0,14045.68,3,91.02
4,11,185.19,0,8175.88,2,91.27
4,12,481.67,1,15911.57,2,84.52
4,1,192.84,1,9328.95,3,83.9
4,2,211.68,0,9088.85,1,78.66
4,3,289.84,0,10465.89,1,82.11
4,4,454.15,0,18784.2,1,72.13
4,5,393.74,0,18660.57,2,92.6
4,6,469.28,1,17118.08,3,82.77
4,7,140.09,1,4641.73,1,91.06
4,8,414.11,1,13626.34,3,71.82
4,9,389.15,0,15908.01,2,89.8
4,10,88.25,1,4214.07,2,79.03
4,11,170.38,1,8422.97,3,93.39
4,12,142.08,0,4872.73,2,80.25
2,1,106.4,0,3047,2,73.99
2,2,139.73,1,3319.94,1,72.7
2,3,136.37,0,4059.66,2,71.33
2,4,146.14,1,3782.79,1,87.81
2,5,57.37,1,1419.7,3,92.86
2,6,129.53,1,3721.17,1,90.37
2,7,133.44,0,3730.77,2,89.43
2,8,63.84,0,1633.85,1,75.88
2,9,61.43,1,1263.48,3,78
2,10,193.09,1,4661.63,1,79.67
2,11,166.5,0,4298,2,92.87
2,12,127.66,0,3549.91,2,90.82
